Genes,A,T,G,C
GRIK1,0.972222222,0,0,0
USP15,0.105165289,0,0,0
ABCA9,1.161481481,0,0,0
TIRAP,1.190789474,0,0.003381295,0
TTC13,0.070333333,0,0,0
IVNS1ABP,0,0.006927152,0,0
INSYN1,0.009424658,1.818181818,0,0
PIK3CA,0,0.717985612,0,0
KIAA0319,0,1.409235669,0,0
NFS1,0,1.333333333,0,0
CDH10,0,0,0.387478849,0
KLHL40,0,0,1.31547619,0
GGA2,0,0,2.247360483,0
SLC22A25,0,0,2.002989537,0
GFE2,0.011383333,0.0098151,1.799027553,0
FBN2,0,0,0,2.47826087
GLI1,0.005644258,0,0,0.719101124
ALDH1L1,0,0,0,2.597137014
STK31,0,0,0,0.107503828
RFWD3,0,0,0,0.255520505