Genes,A,T,G,C
GRIK1,0.424409449,0.933774834,0,0
USP15,0.132603406,0,0.246078431,0
ABCA9,0.969879518,0,0.644670051,0
TIRAP,2.177777778,0,4.198863636,0
TTC13,0.056774194,0.012692308,0,0.229357798
IVNS1ABP,0,0.008561151,0.018661972,0
INSYN1,0.004323308,1.627118644,0.234334764,0
PIK3CA,0,0.287346939,0,1.046666667
KIAA0319,0,1.906382979,0,0.873646209
NFS1,0,1.615942029,0,2.243589744
CDH10,0.2744,0,0.382432432,0
KLHL40,1.254901961,0,1.739393939,0
GGA2,2.65942029,0,1.957746479,0
SLC22A25,0,0,1.548148148,1.441489362
GFE2,0.011901408,0.08436019,2.512931034,1.016666667
FBN2,1.190082645,0,0,3.27972028
GLI1,0.006710526,0.067317073,0,0.850299401
ALDH1L1,0,1.228346457,0,1.869565217
STK31,0,0,0.139597315,0.093793103
RFWD3,0,0,0.016153846,0.380473373
